<?xml version="1.0" encoding="UTF-8"?>
<beans xmlns="http://www.springframework.org/schema/beans"
	   xmlns:context="http://www.springframework.org/schema/context"
	   xmlns:mvc="http://www.springframework.org/schema/mvc"
	   xmlns:xsi="http://www.w3.org/2001/XMLSchema-instance"
	   xmlns:util="http://www.springframework.org/schema/util"
	   xmlns:aop="http://www.springframework.org/schema/aop"
	   xsi:schemaLocation="http://www.springframework.org/schema/beans
		http://www.springframework.org/schema/beans/spring-beans-3.0.xsd
		http://www.springframework.org/schema/context
		http://www.springframework.org/schema/context/spring-context-3.0.xsd
		http://www.springframework.org/schema/mvc
		http://www.springframework.org/schema/mvc/spring-mvc-3.0.xsd
 		http://www.springframework.org/schema/util
		http://www.springframework.org/schema/util/spring-util-3.0.xsd
		http://www.springframework.org/schema/aop
		http://www.springframework.org/schema/aop/spring-aop.xsd">
	<import resource="${spring-session-xml}"/>

	<mvc:annotation-driven />
	<context:component-scan base-package="com.gupao" />
	<bean id="chunkUtil" class="com.gupao.uploader.util.ChunkUtil">
    </bean>
    <bean id="fileUtil" class="com.gupao.uploader.util.FileUtil">
    </bean>
    <bean id="envProperty" class="com.gupao.uploader.constant.EnvProperty">
    </bean>

    <bean id="apiIface" class="${apiIface}">
    </bean>

	<context:annotation-config/>
	<aop:aspectj-autoproxy proxy-target-class="true" />
	<util:properties id="general" location="classpath:general.properties"/>
</beans>