{
  "project": {
    "id": 17,
    "procHandlers": {
      "book": "capitalLibBookHandler",
      "phoneBook": "capitalLibPhoneBookHandler",
      "video": "capitalLibVideoHandler",
      "dramaSeries": "capitalLibDramaSeriesHandler"
    },
    "book": {
      "csv": {
        "fields": [
          {
            "field": "书名"
          },
          {
            "field": "图像路径"
          },
          {
            "field": "作者"
          },
          {
            "field": "出版社"
          },
          {
            "field": "出版日期"
          },
          {
            "field": "页数"
          },
          {
            "field": "图书馆代码",
            "converter": [
              {
                "name": "生活保健",
                "code": 62
              },
              {
                "name": "人文社科",
                "code": 63
              },
              {
                "name": "亲子育儿",
                "code": 64
              },
              {
                "name": "经管励志",
                "code": 65
              },
              {
                "name": "历史军事",
                "code": 66
              },
              {
                "name": "休闲娱乐",
                "code": 67
              },
              {
                "name": "地理旅游",
                "code": 68
              },
              {
                "name": "政治法律",
                "code": 69
              },
              {
                "name": "文学艺术",
                "code": 70
              },
              {
                "name": "经典名著",
                "code": 71
              }
            ]
          }
        ]
      }
    },
    "phoneBook": {
      "csv": {
        "fields": [
          {
            "field": "图书编号"
          },
          {
            "field": "书名"
          },
          {
            "field": "作者"
          },
          {
            "field": "出版者"
          },
          {
            "field": "出版日期"
          },
          {
            "field": "isbn"
          },
          {
            "field": "内容简介"
          },
          {
            "field": "分类",
            "converter": [
              {
                "name": "成功励志",
                "code": 119
              },
              {
                "name": "建军90周年",
                "code": 120
              },
              {
                "name": "经典名著",
                "code": 121
              },
              {
                "name": "经管理财",
                "code": 122
              },
              {
                "name": "历史军事",
                "code": 123
              },
              {
                "name": "亲子育儿",
                "code": 124
              },
              {
                "name": "人生哲学",
                "code": 125
              },
              {
                "name": "人文社科",
                "code": 126
              },
              {
                "name": "生活保健",
                "code": 127
              },
              {
                "name": "文学艺术",
                "code": 128
              },
              {
                "name": "小说传记",
                "code": 129
              },
              {
                "name": "政治法律",
                "code": 130
              }
            ]
          }
        ]
      }
    }
  }
}