#运费包装费系统
##运费规则（主表）
CREATE TABLE `hy_expense_rule` (
  `id` bigint(20) NOT NULL AUTO_INCREMENT COMMENT '主键id',
  `vendor_id` bigint(20) DEFAULT NULL,
  `type` int(11) NOT NULL COMMENT '规则类型',
  `name` varchar(255) NOT NULL COMMENT '规则名称',
  `business_type` int(11) NOT NULL COMMENT '业态类型',
  `shipment_type` int(11) DEFAULT NULL COMMENT '配送方式',
  `rule_type` int(11) DEFAULT NULL COMMENT '规则类型：1，门店；2，围栏（赞废弃）',
  `config` json NOT NULL COMMENT '配置详情',
  `relation_config` json DEFAULT NULL,
  `created` datetime NOT NULL COMMENT '创建时间',
  `modified` datetime DEFAULT NULL COMMENT '修改时间',
  `create_user` varchar(50) NOT NULL COMMENT '创建人',
  `modify_user` varchar(50) DEFAULT NULL COMMENT '修改人',
  `yn` tinyint(4) NOT NULL COMMENT '是否有效',
  PRIMARY KEY (`id`),
  KEY `v_b` (`vendor_id`,`type`,`business_type`) USING BTREE
) ENGINE=InnoDB AUTO_INCREMENT=8161 DEFAULT CHARSET=utf8 COMMENT='运费规则';
INSERT INTO `hy_expense_rule` (`id`,`vendor_id`,`type`,`name`,`business_type`,`shipment_type`,`rule_type`,`config`,`relation_config`,`created`,`modified`,`create_user`,`modify_user`,`yn`) VALUES (7881,1,1,"无配送费",1,1,null,"{\"brief\": \"1\", \"baseAmount\": 10, \"chargeType\": 1, \"limitWeight\": 100000, \"baseRuleList\": [{\"number\": 10000, \"expense\": 100}], \"overweightAR\": 0, \"discountRuleList\": [{\"discount\": 10, \"orderAmount\": 20}]}",null,"2024-01-11 23:18:08","2024-01-11 23:18:08","移动质量保障组2",null,1);
INSERT INTO `hy_expense_rule` (`id`,`vendor_id`,`type`,`name`,`business_type`,`shipment_type`,`rule_type`,`config`,`relation_config`,`created`,`modified`,`create_user`,`modify_user`,`yn`) VALUES (7841,1,1,"无配送费",1,1,null,"{\"brief\": \"1\", \"baseAmount\": 10, \"chargeType\": 1, \"baseRuleList\": [{\"number\": 10000, \"expense\": 100}], \"overweightAR\": 0, \"discountRuleList\": [{\"discount\": 10, \"orderAmount\": 20}]}",null,"2023-12-22 23:54:27","2023-12-22 23:54:27","移动质量保障组2",null,1);
INSERT INTO `hy_expense_rule` (`id`,`vendor_id`,`type`,`name`,`business_type`,`shipment_type`,`rule_type`,`config`,`relation_config`,`created`,`modified`,`create_user`,`modify_user`,`yn`) VALUES (7441,86,1,"阶梯运费测试",1,1,null,"{\"brief\": \"111\", \"remark\": \"111\", \"baseAmount\": 900, \"chargeType\": 1, \"freightList\": [{\"freightType\": 1, \"distanceList\": [{\"distance\": 10000, \"distanceExpense\": 1000}]}], \"limitWeight\": 25000, \"baseRuleList\": [{\"number\": 15000, \"expense\": 100}], \"overweightAR\": 0, \"packingExpense\": 100, \"discountRuleList\": [{\"discount\": 300, \"orderAmount\": 10000}, {\"discount\": 600, \"orderAmount\": 20000}, {\"discount\": 900, \"orderAmount\": 30000}], \"hySpecialPackingBOS\": [{\"packingType\": 1, \"hySpecialPackingLadderBOS\": [{\"packingIncludeMore\": 100, \"packingOrderAmount\": 10000}]}], \"packingExpenseDiscount\": 100, \"packingExpenseThreshold\": 10000}",null,"2023-07-18 14:04:19","2023-07-18 14:04:19","周吉",null,1);
INSERT INTO `hy_expense_rule` (`id`,`vendor_id`,`type`,`name`,`business_type`,`shipment_type`,`rule_type`,`config`,`relation_config`,`created`,`modified`,`create_user`,`modify_user`,`yn`) VALUES (8001,147,1,"自提总规则2.0",1,2,null,"{\"brief\": \"30元成单\", \"remark\": \"为响应落实国家“限塑令”要求，“拒绝白色污染”，我们于2021年2月18日起开始有偿为消费者提供可降解购物袋。配送到家订单须收取包装费，考虑商品卫生安全，无购物袋无法正常提供配送服务。但我们充分保证消费者的选择权，您不使用购物袋，可选择线上下单后前往门店自提，为环保贡献一份力量\", \"baseAmount\": 0, \"chargeType\": 1, \"discountRuleList\": [{\"discount\": 0, \"orderAmount\": 0}]}",null,"2024-01-18 16:36:34","2024-01-18 16:36:34","樊佳灵",null,1);
INSERT INTO `hy_expense_rule` (`id`,`vendor_id`,`type`,`name`,`business_type`,`shipment_type`,`rule_type`,`config`,`relation_config`,`created`,`modified`,`create_user`,`modify_user`,`yn`) VALUES (8121,2672,1,"【自提】不需要包装费",1,2,null,"{\"brief\": \"自提订单免服务费\", \"baseAmount\": 0, \"chargeType\": 1, \"limitWeight\": 9999000, \"discountRuleList\": [{\"discount\": 0, \"orderAmount\": 0}]}","{\"discountIds\": []}","2024-04-09 19:47:25","2024-04-09 19:47:45","赵阳","赵阳",1);

##运费规则门店时段（运费规则的从表）
CREATE TABLE `hy_expense_store` (
  `id` bigint(20) NOT NULL AUTO_INCREMENT COMMENT '主键id',
  `vendor_id` bigint(20) DEFAULT NULL COMMENT '商家id',
  `store_id` bigint(20) NOT NULL COMMENT '门店id',
  `store_name` varchar(50) DEFAULT NULL COMMENT '门店名称',
  `tern_id` bigint(20) DEFAULT NULL COMMENT '围栏id',
  `tern_name` varchar(50) DEFAULT NULL COMMENT '围栏名称',
  `business_type` int(11) NOT NULL COMMENT '业态类型',
  `shipment_type` int(11) NOT NULL COMMENT '配送方式',
  `rule_type` int(11) NOT NULL COMMENT '规则类型：1，门店；2，围栏（可以多个）',
  `interval_type` int(11) NOT NULL COMMENT '类型：1，临时；2，兜底',
  `start` datetime NOT NULL COMMENT '开始时间',
  `end` datetime NOT NULL COMMENT '结束时间',
  `rule_id` bigint(20) NOT NULL COMMENT '规则ID',
  `rule_name` varchar(100) DEFAULT NULL COMMENT '规则名称',
  `properties` json DEFAULT NULL COMMENT '扩展字段',
  `created` datetime NOT NULL COMMENT '创建时间',
  `modified` datetime DEFAULT NULL COMMENT '修改时间',
  `create_user` varchar(50) NOT NULL COMMENT '创建人',
  `modify_user` varchar(50) DEFAULT NULL COMMENT '修改人',
  `yn` tinyint(4) NOT NULL COMMENT '是否有效',
  `performance_type` varchar(32) DEFAULT NULL COMMENT '履约类型',
  PRIMARY KEY (`id`),
  KEY `IDX_STORE` (`store_id`,`vendor_id`) USING BTREE
) ENGINE=InnoDB AUTO_INCREMENT=800161 DEFAULT CHARSET=utf8 COMMENT='门店时段';
INSERT INTO `hy_expense_store` (`id`,`vendor_id`,`store_id`,`store_name`,`tern_id`,`tern_name`,`business_type`,`shipment_type`,`rule_type`,`interval_type`,`start`,`end`,`rule_id`,`rule_name`,`properties`,`created`,`modified`,`create_user`,`modify_user`,`yn`,`performance_type`) VALUES (800081,2672,88812,"京北大世界",null,null,1,2,1,2,"1970-01-01 00:00:00","1970-12-31 23:59:59",8121,"【自提】不需要包装费【8121】",null,"2024-04-09 19:48:43","2024-04-09 19:48:43","赵阳",null,1,null);
INSERT INTO `hy_expense_store` (`id`,`vendor_id`,`store_id`,`store_name`,`tern_id`,`tern_name`,`business_type`,`shipment_type`,`rule_type`,`interval_type`,`start`,`end`,`rule_id`,`rule_name`,`properties`,`created`,`modified`,`create_user`,`modify_user`,`yn`,`performance_type`) VALUES (797281,147,15000,"新乐兰州马滩店",null,null,1,2,1,2,"1970-01-01 00:00:00","1970-12-31 23:59:59",8001,"自提总规则2.0【8001】",null,"2024-01-18 16:39:06","2024-01-18 16:39:06","樊佳灵",null,1,null);
INSERT INTO `hy_expense_store` (`id`,`vendor_id`,`store_id`,`store_name`,`tern_id`,`tern_name`,`business_type`,`shipment_type`,`rule_type`,`interval_type`,`start`,`end`,`rule_id`,`rule_name`,`properties`,`created`,`modified`,`create_user`,`modify_user`,`yn`,`performance_type`) VALUES (797321,147,15001,"新乐武威星光店",null,null,1,2,1,2,"1970-01-01 00:00:00","1970-12-31 23:59:59",8001,"自提总规则2.0【8001】",null,"2024-01-18 16:39:06","2024-01-18 16:39:06","樊佳灵",null,1,null);
INSERT INTO `hy_expense_store` (`id`,`vendor_id`,`store_id`,`store_name`,`tern_id`,`tern_name`,`business_type`,`shipment_type`,`rule_type`,`interval_type`,`start`,`end`,`rule_id`,`rule_name`,`properties`,`created`,`modified`,`create_user`,`modify_user`,`yn`,`performance_type`) VALUES (797361,147,15002,"新乐新闻大厦店",null,null,1,2,1,2,"1970-01-01 00:00:00","1970-12-31 23:59:59",8001,"自提总规则2.0【8001】",null,"2024-01-18 16:39:06","2024-01-18 16:39:06","樊佳灵",null,1,null);
INSERT INTO `hy_expense_store` (`id`,`vendor_id`,`store_id`,`store_name`,`tern_id`,`tern_name`,`business_type`,`shipment_type`,`rule_type`,`interval_type`,`start`,`end`,`rule_id`,`rule_name`,`properties`,`created`,`modified`,`create_user`,`modify_user`,`yn`,`performance_type`) VALUES (797401,147,15003,"新乐国茂店",null,null,1,2,1,2,"1970-01-01 00:00:00","1970-12-31 23:59:59",8001,"自提总规则2.0【8001】",null,"2024-01-18 16:39:06","2024-01-18 16:39:06","樊佳灵",null,1,null);
INSERT INTO `hy_expense_store` (`id`,`vendor_id`,`store_id`,`store_name`,`tern_id`,`tern_name`,`business_type`,`shipment_type`,`rule_type`,`interval_type`,`start`,`end`,`rule_id`,`rule_name`,`properties`,`created`,`modified`,`create_user`,`modify_user`,`yn`,`performance_type`) VALUES (797441,147,15006,"新乐马神庙店",null,null,1,2,1,2,"1970-01-01 00:00:00","1970-12-31 23:59:59",8001,"自提总规则2.0【8001】",null,"2024-01-18 16:39:06","2024-01-18 16:39:06","樊佳灵",null,1,null);
INSERT INTO `hy_expense_store` (`id`,`vendor_id`,`store_id`,`store_name`,`tern_id`,`tern_name`,`business_type`,`shipment_type`,`rule_type`,`interval_type`,`start`,`end`,`rule_id`,`rule_name`,`properties`,`created`,`modified`,`create_user`,`modify_user`,`yn`,`performance_type`) VALUES (797481,147,15007,"新乐甘州店",null,null,1,2,1,2,"1970-01-01 00:00:00","1970-12-31 23:59:59",8001,"自提总规则2.0【8001】",null,"2024-01-18 16:39:06","2024-01-18 16:39:06","樊佳灵",null,1,null);
INSERT INTO `hy_expense_store` (`id`,`vendor_id`,`store_id`,`store_name`,`tern_id`,`tern_name`,`business_type`,`shipment_type`,`rule_type`,`interval_type`,`start`,`end`,`rule_id`,`rule_name`,`properties`,`created`,`modified`,`create_user`,`modify_user`,`yn`,`performance_type`) VALUES (797521,147,15008,"新乐山丹店",null,null,1,2,1,2,"1970-01-01 00:00:00","1970-12-31 23:59:59",8001,"自提总规则2.0【8001】",null,"2024-01-18 16:39:06","2024-01-18 16:39:06","樊佳灵",null,1,null);
INSERT INTO `hy_expense_store` (`id`,`vendor_id`,`store_id`,`store_name`,`tern_id`,`tern_name`,`business_type`,`shipment_type`,`rule_type`,`interval_type`,`start`,`end`,`rule_id`,`rule_name`,`properties`,`created`,`modified`,`create_user`,`modify_user`,`yn`,`performance_type`) VALUES (797561,147,15009,"新乐高台二店",null,null,1,2,1,2,"1970-01-01 00:00:00","1970-12-31 23:59:59",8001,"自提总规则2.0【8001】",null,"2024-01-18 16:39:06","2024-01-18 16:39:06","樊佳灵",null,1,null);
INSERT INTO `hy_expense_store` (`id`,`vendor_id`,`store_id`,`store_name`,`tern_id`,`tern_name`,`business_type`,`shipment_type`,`rule_type`,`interval_type`,`start`,`end`,`rule_id`,`rule_name`,`properties`,`created`,`modified`,`create_user`,`modify_user`,`yn`,`performance_type`) VALUES (797601,147,15010,"新乐民乐一店",null,null,1,2,1,2,"1970-01-01 00:00:00","1970-12-31 23:59:59",8001,"自提总规则2.0【8001】",null,"2024-01-18 16:39:06","2024-01-18 16:39:06","樊佳灵",null,1,null);
INSERT INTO `hy_expense_store` (`id`,`vendor_id`,`store_id`,`store_name`,`tern_id`,`tern_name`,`business_type`,`shipment_type`,`rule_type`,`interval_type`,`start`,`end`,`rule_id`,`rule_name`,`properties`,`created`,`modified`,`create_user`,`modify_user`,`yn`,`performance_type`) VALUES (797641,147,15011,"新乐民乐二店",null,null,1,2,1,2,"1970-01-01 00:00:00","1970-12-31 23:59:59",8001,"自提总规则2.0【8001】",null,"2024-01-18 16:39:06","2024-01-18 16:39:06","樊佳灵",null,1,null);
INSERT INTO `hy_expense_store` (`id`,`vendor_id`,`store_id`,`store_name`,`tern_id`,`tern_name`,`business_type`,`shipment_type`,`rule_type`,`interval_type`,`start`,`end`,`rule_id`,`rule_name`,`properties`,`created`,`modified`,`create_user`,`modify_user`,`yn`,`performance_type`) VALUES (797681,147,15012,"新乐民乐三店",null,null,1,2,1,2,"1970-01-01 00:00:00","1970-12-31 23:59:59",8001,"自提总规则2.0【8001】",null,"2024-01-18 16:39:06","2024-01-18 16:39:06","樊佳灵",null,1,null);
INSERT INTO `hy_expense_store` (`id`,`vendor_id`,`store_id`,`store_name`,`tern_id`,`tern_name`,`business_type`,`shipment_type`,`rule_type`,`interval_type`,`start`,`end`,`rule_id`,`rule_name`,`properties`,`created`,`modified`,`create_user`,`modify_user`,`yn`,`performance_type`) VALUES (797721,147,15013,"新乐西关一店",null,null,1,2,1,2,"1970-01-01 00:00:00","1970-12-31 23:59:59",8001,"自提总规则2.0【8001】",null,"2024-01-18 16:39:06","2024-01-18 16:39:06","樊佳灵",null,1,null);
INSERT INTO `hy_expense_store` (`id`,`vendor_id`,`store_id`,`store_name`,`tern_id`,`tern_name`,`business_type`,`shipment_type`,`rule_type`,`interval_type`,`start`,`end`,`rule_id`,`rule_name`,`properties`,`created`,`modified`,`create_user`,`modify_user`,`yn`,`performance_type`) VALUES (797761,147,15014,"新乐西关二店",null,null,1,2,1,2,"1970-01-01 00:00:00","1970-12-31 23:59:59",8001,"自提总规则2.0【8001】",null,"2024-01-18 16:39:06","2024-01-18 16:39:06","樊佳灵",null,1,null);
INSERT INTO `hy_expense_store` (`id`,`vendor_id`,`store_id`,`store_name`,`tern_id`,`tern_name`,`business_type`,`shipment_type`,`rule_type`,`interval_type`,`start`,`end`,`rule_id`,`rule_name`,`properties`,`created`,`modified`,`create_user`,`modify_user`,`yn`,`performance_type`) VALUES (797801,147,15015,"新乐山丹三店",null,null,1,2,1,2,"1970-01-01 00:00:00","1970-12-31 23:59:59",8001,"自提总规则2.0【8001】",null,"2024-01-18 16:39:06","2024-01-18 16:39:06","樊佳灵",null,1,null);
INSERT INTO `hy_expense_store` (`id`,`vendor_id`,`store_id`,`store_name`,`tern_id`,`tern_name`,`business_type`,`shipment_type`,`rule_type`,`interval_type`,`start`,`end`,`rule_id`,`rule_name`,`properties`,`created`,`modified`,`create_user`,`modify_user`,`yn`,`performance_type`) VALUES (797841,147,15016,"新乐临泽店",null,null,1,2,1,2,"1970-01-01 00:00:00","1970-12-31 23:59:59",8001,"自提总规则2.0【8001】",null,"2024-01-18 16:39:06","2024-01-18 16:39:06","樊佳灵",null,1,null);
INSERT INTO `hy_expense_store` (`id`,`vendor_id`,`store_id`,`store_name`,`tern_id`,`tern_name`,`business_type`,`shipment_type`,`rule_type`,`interval_type`,`start`,`end`,`rule_id`,`rule_name`,`properties`,`created`,`modified`,`create_user`,`modify_user`,`yn`,`performance_type`) VALUES (797881,147,15017,"新乐高台三店",null,null,1,2,1,2,"1970-01-01 00:00:00","1970-12-31 23:59:59",8001,"自提总规则2.0【8001】",null,"2024-01-18 16:39:06","2024-01-18 16:39:06","樊佳灵",null,1,null);
INSERT INTO `hy_expense_store` (`id`,`vendor_id`,`store_id`,`store_name`,`tern_id`,`tern_name`,`business_type`,`shipment_type`,`rule_type`,`interval_type`,`start`,`end`,`rule_id`,`rule_name`,`properties`,`created`,`modified`,`create_user`,`modify_user`,`yn`,`performance_type`) VALUES (797921,147,15018,"新乐鑫汇国际店",null,null,1,2,1,2,"1970-01-01 00:00:00","1970-12-31 23:59:59",8001,"自提总规则2.0【8001】",null,"2024-01-18 16:39:06","2024-01-18 16:39:06","樊佳灵",null,1,null);
INSERT INTO `hy_expense_store` (`id`,`vendor_id`,`store_id`,`store_name`,`tern_id`,`tern_name`,`business_type`,`shipment_type`,`rule_type`,`interval_type`,`start`,`end`,`rule_id`,`rule_name`,`properties`,`created`,`modified`,`create_user`,`modify_user`,`yn`,`performance_type`) VALUES (797961,147,15019,"新乐联通店",null,null,1,2,1,2,"1970-01-01 00:00:00","1970-12-31 23:59:59",8001,"自提总规则2.0【8001】",null,"2024-01-18 16:39:06","2024-01-18 16:39:06","樊佳灵",null,1,null);
INSERT INTO `hy_expense_store` (`id`,`vendor_id`,`store_id`,`store_name`,`tern_id`,`tern_name`,`business_type`,`shipment_type`,`rule_type`,`interval_type`,`start`,`end`,`rule_id`,`rule_name`,`properties`,`created`,`modified`,`create_user`,`modify_user`,`yn`,`performance_type`) VALUES (798001,147,15020,"新乐北辰店",null,null,1,2,1,2,"1970-01-01 00:00:00","1970-12-31 23:59:59",8001,"自提总规则2.0【8001】",null,"2024-01-18 16:39:06","2024-01-18 16:39:06","樊佳灵",null,1,null);
INSERT INTO `hy_expense_store` (`id`,`vendor_id`,`store_id`,`store_name`,`tern_id`,`tern_name`,`business_type`,`shipment_type`,`rule_type`,`interval_type`,`start`,`end`,`rule_id`,`rule_name`,`properties`,`created`,`modified`,`create_user`,`modify_user`,`yn`,`performance_type`) VALUES (798041,147,15021,"新乐南关店",null,null,1,2,1,2,"1970-01-01 00:00:00","1970-12-31 23:59:59",8001,"自提总规则2.0【8001】",null,"2024-01-18 16:39:06","2024-01-18 16:39:06","樊佳灵",null,1,null);
INSERT INTO `hy_expense_store` (`id`,`vendor_id`,`store_id`,`store_name`,`tern_id`,`tern_name`,`business_type`,`shipment_type`,`rule_type`,`interval_type`,`start`,`end`,`rule_id`,`rule_name`,`properties`,`created`,`modified`,`create_user`,`modify_user`,`yn`,`performance_type`) VALUES (798081,147,15022,"新乐金安苑店",null,null,1,2,1,2,"1970-01-01 00:00:00","1970-12-31 23:59:59",8001,"自提总规则2.0【8001】",null,"2024-01-18 16:39:06","2024-01-18 16:39:06","樊佳灵",null,1,null);
INSERT INTO `hy_expense_store` (`id`,`vendor_id`,`store_id`,`store_name`,`tern_id`,`tern_name`,`business_type`,`shipment_type`,`rule_type`,`interval_type`,`start`,`end`,`rule_id`,`rule_name`,`properties`,`created`,`modified`,`create_user`,`modify_user`,`yn`,`performance_type`) VALUES (798121,147,15023,"新乐小区店",null,null,1,2,1,2,"1970-01-01 00:00:00","1970-12-31 23:59:59",8001,"自提总规则2.0【8001】",null,"2024-01-18 16:39:06","2024-01-18 16:39:06","樊佳灵",null,1,null);
INSERT INTO `hy_expense_store` (`id`,`vendor_id`,`store_id`,`store_name`,`tern_id`,`tern_name`,`business_type`,`shipment_type`,`rule_type`,`interval_type`,`start`,`end`,`rule_id`,`rule_name`,`properties`,`created`,`modified`,`create_user`,`modify_user`,`yn`,`performance_type`) VALUES (798161,147,15024,"新乐河西学院店",null,null,1,2,1,2,"1970-01-01 00:00:00","1970-12-31 23:59:59",8001,"自提总规则2.0【8001】",null,"2024-01-18 16:39:06","2024-01-18 16:39:06","樊佳灵",null,1,null);
INSERT INTO `hy_expense_store` (`id`,`vendor_id`,`store_id`,`store_name`,`tern_id`,`tern_name`,`business_type`,`shipment_type`,`rule_type`,`interval_type`,`start`,`end`,`rule_id`,`rule_name`,`properties`,`created`,`modified`,`create_user`,`modify_user`,`yn`,`performance_type`) VALUES (798201,147,15025,"新乐东郊店",null,null,1,2,1,2,"1970-01-01 00:00:00","1970-12-31 23:59:59",8001,"自提总规则2.0【8001】",null,"2024-01-18 16:39:06","2024-01-18 16:39:06","樊佳灵",null,1,null);
INSERT INTO `hy_expense_store` (`id`,`vendor_id`,`store_id`,`store_name`,`tern_id`,`tern_name`,`business_type`,`shipment_type`,`rule_type`,`interval_type`,`start`,`end`,`rule_id`,`rule_name`,`properties`,`created`,`modified`,`create_user`,`modify_user`,`yn`,`performance_type`) VALUES (798241,147,15026,"新乐民主店",null,null,1,2,1,2,"1970-01-01 00:00:00","1970-12-31 23:59:59",8001,"自提总规则2.0【8001】",null,"2024-01-18 16:39:06","2024-01-18 16:39:06","樊佳灵",null,1,null);
INSERT INTO `hy_expense_store` (`id`,`vendor_id`,`store_id`,`store_name`,`tern_id`,`tern_name`,`business_type`,`shipment_type`,`rule_type`,`interval_type`,`start`,`end`,`rule_id`,`rule_name`,`properties`,`created`,`modified`,`create_user`,`modify_user`,`yn`,`performance_type`) VALUES (798281,147,15027,"新乐车站店",null,null,1,2,1,2,"1970-01-01 00:00:00","1970-12-31 23:59:59",8001,"自提总规则2.0【8001】",null,"2024-01-18 16:39:06","2024-01-18 16:39:06","樊佳灵",null,1,null);
INSERT INTO `hy_expense_store` (`id`,`vendor_id`,`store_id`,`store_name`,`tern_id`,`tern_name`,`business_type`,`shipment_type`,`rule_type`,`interval_type`,`start`,`end`,`rule_id`,`rule_name`,`properties`,`created`,`modified`,`create_user`,`modify_user`,`yn`,`performance_type`) VALUES (798321,147,15028,"新乐山丹二店",null,null,1,2,1,2,"1970-01-01 00:00:00","1970-12-31 23:59:59",8001,"自提总规则2.0【8001】",null,"2024-01-18 16:39:06","2024-01-18 16:39:06","樊佳灵",null,1,null);
INSERT INTO `hy_expense_store` (`id`,`vendor_id`,`store_id`,`store_name`,`tern_id`,`tern_name`,`business_type`,`shipment_type`,`rule_type`,`interval_type`,`start`,`end`,`rule_id`,`rule_name`,`properties`,`created`,`modified`,`create_user`,`modify_user`,`yn`,`performance_type`) VALUES (798361,147,15029,"新乐丝路嘉苑店",null,null,1,2,1,2,"1970-01-01 00:00:00","1970-12-31 23:59:59",8001,"自提总规则2.0【8001】",null,"2024-01-18 16:39:06","2024-01-18 16:39:06","樊佳灵",null,1,null);
INSERT INTO `hy_expense_store` (`id`,`vendor_id`,`store_id`,`store_name`,`tern_id`,`tern_name`,`business_type`,`shipment_type`,`rule_type`,`interval_type`,`start`,`end`,`rule_id`,`rule_name`,`properties`,`created`,`modified`,`create_user`,`modify_user`,`yn`,`performance_type`) VALUES (798401,147,15030,"新乐丰泽园店",null,null,1,2,1,2,"1970-01-01 00:00:00","1970-12-31 23:59:59",8001,"自提总规则2.0【8001】",null,"2024-01-18 16:39:06","2024-01-18 16:39:06","樊佳灵",null,1,null);
INSERT INTO `hy_expense_store` (`id`,`vendor_id`,`store_id`,`store_name`,`tern_id`,`tern_name`,`business_type`,`shipment_type`,`rule_type`,`interval_type`,`start`,`end`,`rule_id`,`rule_name`,`properties`,`created`,`modified`,`create_user`,`modify_user`,`yn`,`performance_type`) VALUES (798441,147,15031,"新乐金沙苑店",null,null,1,2,1,2,"1970-01-01 00:00:00","1970-12-31 23:59:59",8001,"自提总规则2.0【8001】",null,"2024-01-18 16:39:06","2024-01-18 16:39:06","樊佳灵",null,1,null);
INSERT INTO `hy_expense_store` (`id`,`vendor_id`,`store_id`,`store_name`,`tern_id`,`tern_name`,`business_type`,`shipment_type`,`rule_type`,`interval_type`,`start`,`end`,`rule_id`,`rule_name`,`properties`,`created`,`modified`,`create_user`,`modify_user`,`yn`,`performance_type`) VALUES (798481,147,15032,"新乐西花苑店",null,null,1,2,1,2,"1970-01-01 00:00:00","1970-12-31 23:59:59",8001,"自提总规则2.0【8001】",null,"2024-01-18 16:39:06","2024-01-18 16:39:06","樊佳灵",null,1,null);
INSERT INTO `hy_expense_store` (`id`,`vendor_id`,`store_id`,`store_name`,`tern_id`,`tern_name`,`business_type`,`shipment_type`,`rule_type`,`interval_type`,`start`,`end`,`rule_id`,`rule_name`,`properties`,`created`,`modified`,`create_user`,`modify_user`,`yn`,`performance_type`) VALUES (798521,147,15033,"新乐丹霞路店",null,null,1,2,1,2,"1970-01-01 00:00:00","1970-12-31 23:59:59",8001,"自提总规则2.0【8001】",null,"2024-01-18 16:39:06","2024-01-18 16:39:06","樊佳灵",null,1,null);
INSERT INTO `hy_expense_store` (`id`,`vendor_id`,`store_id`,`store_name`,`tern_id`,`tern_name`,`business_type`,`shipment_type`,`rule_type`,`interval_type`,`start`,`end`,`rule_id`,`rule_name`,`properties`,`created`,`modified`,`create_user`,`modify_user`,`yn`,`performance_type`) VALUES (798561,147,15034,"新乐东岗店",null,null,1,2,1,2,"1970-01-01 00:00:00","1970-12-31 23:59:59",8001,"自提总规则2.0【8001】",null,"2024-01-18 16:39:06","2024-01-18 16:39:06","樊佳灵",null,1,null);
INSERT INTO `hy_expense_store` (`id`,`vendor_id`,`store_id`,`store_name`,`tern_id`,`tern_name`,`business_type`,`shipment_type`,`rule_type`,`interval_type`,`start`,`end`,`rule_id`,`rule_name`,`properties`,`created`,`modified`,`create_user`,`modify_user`,`yn`,`performance_type`) VALUES (798601,147,15035,"新乐民乐四店",null,null,1,2,1,2,"1970-01-01 00:00:00","1970-12-31 23:59:59",8001,"自提总规则2.0【8001】",null,"2024-01-18 16:39:06","2024-01-18 16:39:06","樊佳灵",null,1,null);
INSERT INTO `hy_expense_store` (`id`,`vendor_id`,`store_id`,`store_name`,`tern_id`,`tern_name`,`business_type`,`shipment_type`,`rule_type`,`interval_type`,`start`,`end`,`rule_id`,`rule_name`,`properties`,`created`,`modified`,`create_user`,`modify_user`,`yn`,`performance_type`) VALUES (798641,147,15036,"新乐共裕店",null,null,1,2,1,2,"1970-01-01 00:00:00","1970-12-31 23:59:59",8001,"自提总规则2.0【8001】",null,"2024-01-18 16:39:06","2024-01-18 16:39:06","樊佳灵",null,1,null);
INSERT INTO `hy_expense_store` (`id`,`vendor_id`,`store_id`,`store_name`,`tern_id`,`tern_name`,`business_type`,`shipment_type`,`rule_type`,`interval_type`,`start`,`end`,`rule_id`,`rule_name`,`properties`,`created`,`modified`,`create_user`,`modify_user`,`yn`,`performance_type`) VALUES (798681,147,15037,"新乐逸景园店",null,null,1,2,1,2,"1970-01-01 00:00:00","1970-12-31 23:59:59",8001,"自提总规则2.0【8001】",null,"2024-01-18 16:39:06","2024-01-18 16:39:06","樊佳灵",null,1,null);
INSERT INTO `hy_expense_store` (`id`,`vendor_id`,`store_id`,`store_name`,`tern_id`,`tern_name`,`business_type`,`shipment_type`,`rule_type`,`interval_type`,`start`,`end`,`rule_id`,`rule_name`,`properties`,`created`,`modified`,`create_user`,`modify_user`,`yn`,`performance_type`) VALUES (798721,147,15038,"新乐五里墩店",null,null,1,2,1,2,"1970-01-01 00:00:00","1970-12-31 23:59:59",8001,"自提总规则2.0【8001】",null,"2024-01-18 16:39:06","2024-01-18 16:39:06","樊佳灵",null,1,null);
INSERT INTO `hy_expense_store` (`id`,`vendor_id`,`store_id`,`store_name`,`tern_id`,`tern_name`,`business_type`,`shipment_type`,`rule_type`,`interval_type`,`start`,`end`,`rule_id`,`rule_name`,`properties`,`created`,`modified`,`create_user`,`modify_user`,`yn`,`performance_type`) VALUES (798761,147,15039,"新乐东方明珠店",null,null,1,2,1,2,"1970-01-01 00:00:00","1970-12-31 23:59:59",8001,"自提总规则2.0【8001】",null,"2024-01-18 16:39:06","2024-01-18 16:39:06","樊佳灵",null,1,null);
INSERT INTO `hy_expense_store` (`id`,`vendor_id`,`store_id`,`store_name`,`tern_id`,`tern_name`,`business_type`,`shipment_type`,`rule_type`,`interval_type`,`start`,`end`,`rule_id`,`rule_name`,`properties`,`created`,`modified`,`create_user`,`modify_user`,`yn`,`performance_type`) VALUES (798801,147,15040,"新乐河西二店",null,null,1,2,1,2,"1970-01-01 00:00:00","1970-12-31 23:59:59",8001,"自提总规则2.0【8001】",null,"2024-01-18 16:39:06","2024-01-18 16:39:06","樊佳灵",null,1,null);
INSERT INTO `hy_expense_store` (`id`,`vendor_id`,`store_id`,`store_name`,`tern_id`,`tern_name`,`business_type`,`shipment_type`,`rule_type`,`interval_type`,`start`,`end`,`rule_id`,`rule_name`,`properties`,`created`,`modified`,`create_user`,`modify_user`,`yn`,`performance_type`) VALUES (798841,147,15041,"新乐北关店",null,null,1,2,1,2,"1970-01-01 00:00:00","1970-12-31 23:59:59",8001,"自提总规则2.0【8001】",null,"2024-01-18 16:39:06","2024-01-18 16:39:06","樊佳灵",null,1,null);
INSERT INTO `hy_expense_store` (`id`,`vendor_id`,`store_id`,`store_name`,`tern_id`,`tern_name`,`business_type`,`shipment_type`,`rule_type`,`interval_type`,`start`,`end`,`rule_id`,`rule_name`,`properties`,`created`,`modified`,`create_user`,`modify_user`,`yn`,`performance_type`) VALUES (798881,147,15042,"新乐瑞祥花园店",null,null,1,2,1,2,"1970-01-01 00:00:00","1970-12-31 23:59:59",8001,"自提总规则2.0【8001】",null,"2024-01-18 16:39:06","2024-01-18 16:39:06","樊佳灵",null,1,null);
INSERT INTO `hy_expense_store` (`id`,`vendor_id`,`store_id`,`store_name`,`tern_id`,`tern_name`,`business_type`,`shipment_type`,`rule_type`,`interval_type`,`start`,`end`,`rule_id`,`rule_name`,`properties`,`created`,`modified`,`create_user`,`modify_user`,`yn`,`performance_type`) VALUES (798921,147,15043,"新乐青松家园店",null,null,1,2,1,2,"1970-01-01 00:00:00","1970-12-31 23:59:59",8001,"自提总规则2.0【8001】",null,"2024-01-18 16:39:06","2024-01-18 16:39:06","樊佳灵",null,1,null);
INSERT INTO `hy_expense_store` (`id`,`vendor_id`,`store_id`,`store_name`,`tern_id`,`tern_name`,`business_type`,`shipment_type`,`rule_type`,`interval_type`,`start`,`end`,`rule_id`,`rule_name`,`properties`,`created`,`modified`,`create_user`,`modify_user`,`yn`,`performance_type`) VALUES (798961,147,15044,"新乐北兴家园店",null,null,1,2,1,2,"1970-01-01 00:00:00","1970-12-31 23:59:59",8001,"自提总规则2.0【8001】",null,"2024-01-18 16:39:06","2024-01-18 16:39:06","樊佳灵",null,1,null);
INSERT INTO `hy_expense_store` (`id`,`vendor_id`,`store_id`,`store_name`,`tern_id`,`tern_name`,`business_type`,`shipment_type`,`rule_type`,`interval_type`,`start`,`end`,`rule_id`,`rule_name`,`properties`,`created`,`modified`,`create_user`,`modify_user`,`yn`,`performance_type`) VALUES (799001,147,15045,"新乐崇圣嘉园店",null,null,1,2,1,2,"1970-01-01 00:00:00","1970-12-31 23:59:59",8001,"自提总规则2.0【8001】",null,"2024-01-18 16:39:06","2024-01-18 16:39:06","樊佳灵",null,1,null);
INSERT INTO `hy_expense_store` (`id`,`vendor_id`,`store_id`,`store_name`,`tern_id`,`tern_name`,`business_type`,`shipment_type`,`rule_type`,`interval_type`,`start`,`end`,`rule_id`,`rule_name`,`properties`,`created`,`modified`,`create_user`,`modify_user`,`yn`,`performance_type`) VALUES (799041,147,15046,"新乐山丹四店",null,null,1,2,1,2,"1970-01-01 00:00:00","1970-12-31 23:59:59",8001,"自提总规则2.0【8001】",null,"2024-01-18 16:39:06","2024-01-18 16:39:06","樊佳灵",null,1,null);
INSERT INTO `hy_expense_store` (`id`,`vendor_id`,`store_id`,`store_name`,`tern_id`,`tern_name`,`business_type`,`shipment_type`,`rule_type`,`interval_type`,`start`,`end`,`rule_id`,`rule_name`,`properties`,`created`,`modified`,`create_user`,`modify_user`,`yn`,`performance_type`) VALUES (799081,147,17656,"新乐思源店",null,null,1,2,1,2,"1970-01-01 00:00:00","1970-12-31 23:59:59",8001,"自提总规则2.0【8001】",null,"2024-01-18 16:39:06","2024-01-18 16:39:06","樊佳灵",null,1,null);
INSERT INTO `hy_expense_store` (`id`,`vendor_id`,`store_id`,`store_name`,`tern_id`,`tern_name`,`business_type`,`shipment_type`,`rule_type`,`interval_type`,`start`,`end`,`rule_id`,`rule_name`,`properties`,`created`,`modified`,`create_user`,`modify_user`,`yn`,`performance_type`) VALUES (799121,147,17657,"新乐民乐五店",null,null,1,2,1,2,"1970-01-01 00:00:00","1970-12-31 23:59:59",8001,"自提总规则2.0【8001】",null,"2024-01-18 16:39:06","2024-01-18 16:39:06","樊佳灵",null,1,null);
INSERT INTO `hy_expense_store` (`id`,`vendor_id`,`store_id`,`store_name`,`tern_id`,`tern_name`,`business_type`,`shipment_type`,`rule_type`,`interval_type`,`start`,`end`,`rule_id`,`rule_name`,`properties`,`created`,`modified`,`create_user`,`modify_user`,`yn`,`performance_type`) VALUES (799161,147,18098,"张掖外阜测试门店",null,null,1,2,1,2,"1970-01-01 00:00:00","1970-12-31 23:59:59",8001,"自提总规则2.0【8001】",null,"2024-01-18 16:39:06","2024-01-18 16:39:06","樊佳灵",null,1,null);
INSERT INTO `hy_expense_store` (`id`,`vendor_id`,`store_id`,`store_name`,`tern_id`,`tern_name`,`business_type`,`shipment_type`,`rule_type`,`interval_type`,`start`,`end`,`rule_id`,`rule_name`,`properties`,`created`,`modified`,`create_user`,`modify_user`,`yn`,`performance_type`) VALUES (799201,147,18099,"张掖市区测试门店",null,null,1,2,1,2,"1970-01-01 00:00:00","1970-12-31 23:59:59",8001,"自提总规则2.0【8001】",null,"2024-01-18 16:39:06","2024-01-18 16:39:06","樊佳灵",null,1,null);
INSERT INTO `hy_expense_store` (`id`,`vendor_id`,`store_id`,`store_name`,`tern_id`,`tern_name`,`business_type`,`shipment_type`,`rule_type`,`interval_type`,`start`,`end`,`rule_id`,`rule_name`,`properties`,`created`,`modified`,`create_user`,`modify_user`,`yn`,`performance_type`) VALUES (799241,147,80522,"新乐虚拟门店",null,null,1,2,1,2,"1970-01-01 00:00:00","1970-12-31 23:59:59",8001,"自提总规则2.0【8001】",null,"2024-01-18 16:39:06","2024-01-18 16:39:06","樊佳灵",null,1,null);
INSERT INTO `hy_expense_store` (`id`,`vendor_id`,`store_id`,`store_name`,`tern_id`,`tern_name`,`business_type`,`shipment_type`,`rule_type`,`interval_type`,`start`,`end`,`rule_id`,`rule_name`,`properties`,`created`,`modified`,`create_user`,`modify_user`,`yn`,`performance_type`) VALUES (799281,147,158762,"新乐测试门店",null,null,1,2,1,2,"1970-01-01 00:00:00","1970-12-31 23:59:59",8001,"自提总规则2.0【8001】",null,"2024-01-18 16:39:06","2024-01-18 16:39:06","樊佳灵",null,1,null);
INSERT INTO `hy_expense_store` (`id`,`vendor_id`,`store_id`,`store_name`,`tern_id`,`tern_name`,`business_type`,`shipment_type`,`rule_type`,`interval_type`,`start`,`end`,`rule_id`,`rule_name`,`properties`,`created`,`modified`,`create_user`,`modify_user`,`yn`,`performance_type`) VALUES (799321,147,243962,"无效",null,null,1,2,1,2,"1970-01-01 00:00:00","1970-12-31 23:59:59",8001,"自提总规则2.0【8001】",null,"2024-01-18 16:39:06","2024-01-18 16:39:06","樊佳灵",null,1,null);
INSERT INTO `hy_expense_store` (`id`,`vendor_id`,`store_id`,`store_name`,`tern_id`,`tern_name`,`business_type`,`shipment_type`,`rule_type`,`interval_type`,`start`,`end`,`rule_id`,`rule_name`,`properties`,`created`,`modified`,`create_user`,`modify_user`,`yn`,`performance_type`) VALUES (799361,147,244002,"前进村供销合作社",null,null,1,2,1,2,"1970-01-01 00:00:00","1970-12-31 23:59:59",8001,"自提总规则2.0【8001】",null,"2024-01-18 16:39:06","2024-01-18 16:39:06","樊佳灵",null,1,null);
INSERT INTO `hy_expense_store` (`id`,`vendor_id`,`store_id`,`store_name`,`tern_id`,`tern_name`,`business_type`,`shipment_type`,`rule_type`,`interval_type`,`start`,`end`,`rule_id`,`rule_name`,`properties`,`created`,`modified`,`create_user`,`modify_user`,`yn`,`performance_type`) VALUES (799401,147,244042,"和平基层供销社",null,null,1,2,1,2,"1970-01-01 00:00:00","1970-12-31 23:59:59",8001,"自提总规则2.0【8001】",null,"2024-01-18 16:39:06","2024-01-18 16:39:06","樊佳灵",null,1,null);
INSERT INTO `hy_expense_store` (`id`,`vendor_id`,`store_id`,`store_name`,`tern_id`,`tern_name`,`business_type`,`shipment_type`,`rule_type`,`interval_type`,`start`,`end`,`rule_id`,`rule_name`,`properties`,`created`,`modified`,`create_user`,`modify_user`,`yn`,`performance_type`) VALUES (799441,147,245082,"馨月湖店",null,null,1,2,1,2,"1970-01-01 00:00:00","1970-12-31 23:59:59",8001,"自提总规则2.0【8001】",null,"2024-01-18 16:39:06","2024-01-18 16:39:06","樊佳灵",null,1,null);
INSERT INTO `hy_expense_store` (`id`,`vendor_id`,`store_id`,`store_name`,`tern_id`,`tern_name`,`business_type`,`shipment_type`,`rule_type`,`interval_type`,`start`,`end`,`rule_id`,`rule_name`,`properties`,`created`,`modified`,`create_user`,`modify_user`,`yn`,`performance_type`) VALUES (799481,147,702761,"山丹世博丽景店",null,null,1,2,1,2,"1970-01-01 00:00:00","1970-12-31 23:59:59",8001,"自提总规则2.0【8001】",null,"2024-01-18 16:39:06","2024-01-18 16:39:06","樊佳灵",null,1,null);
INSERT INTO `hy_expense_store` (`id`,`vendor_id`,`store_id`,`store_name`,`tern_id`,`tern_name`,`business_type`,`shipment_type`,`rule_type`,`interval_type`,`start`,`end`,`rule_id`,`rule_name`,`properties`,`created`,`modified`,`create_user`,`modify_user`,`yn`,`performance_type`) VALUES (252721,86,109652,"麦德龙cs店",null,null,1,1,1,1,"2023-07-18 14:04:57","2023-07-18 14:08:17",7441,"阶梯运费测试【7441】",null,"2023-07-18 14:04:57","2023-07-18 14:08:17","周吉","周吉",2,"QCP");
INSERT INTO `hy_expense_store` (`id`,`vendor_id`,`store_id`,`store_name`,`tern_id`,`tern_name`,`business_type`,`shipment_type`,`rule_type`,`interval_type`,`start`,`end`,`rule_id`,`rule_name`,`properties`,`created`,`modified`,`create_user`,`modify_user`,`yn`,`performance_type`) VALUES (252801,86,109652,"麦德龙cs店",null,null,1,1,1,1,"2023-07-18 14:08:17","2023-07-31 23:59:59",7441,"阶梯运费测试【7441】",null,"2023-07-18 14:08:17","2023-07-18 14:08:17","周吉",null,1,"QCP");
INSERT INTO `hy_expense_store` (`id`,`vendor_id`,`store_id`,`store_name`,`tern_id`,`tern_name`,`business_type`,`shipment_type`,`rule_type`,`interval_type`,`start`,`end`,`rule_id`,`rule_name`,`properties`,`created`,`modified`,`create_user`,`modify_user`,`yn`,`performance_type`) VALUES (252841,86,109652,"麦德龙cs店",39432,"全城配",1,1,2,1,"2023-07-18 14:08:17","2023-07-31 23:59:59",7441,"阶梯运费测试【7441】",null,"2023-07-18 14:08:17","2023-07-18 14:08:17","周吉",null,1,"QCP");
INSERT INTO `hy_expense_store` (`id`,`vendor_id`,`store_id`,`store_name`,`tern_id`,`tern_name`,`business_type`,`shipment_type`,`rule_type`,`interval_type`,`start`,`end`,`rule_id`,`rule_name`,`properties`,`created`,`modified`,`create_user`,`modify_user`,`yn`,`performance_type`) VALUES (257561,86,109652,"麦德龙cs店",39614,"极围栏",1,1,2,1,"2023-07-27 10:47:05","2023-07-28 11:08:38",7441,"阶梯运费测试【7441】",null,"2023-07-27 10:47:05","2023-07-28 11:08:38","周吉","周吉",2,"JSD");
INSERT INTO `hy_expense_store` (`id`,`vendor_id`,`store_id`,`store_name`,`tern_id`,`tern_name`,`business_type`,`shipment_type`,`rule_type`,`interval_type`,`start`,`end`,`rule_id`,`rule_name`,`properties`,`created`,`modified`,`create_user`,`modify_user`,`yn`,`performance_type`) VALUES (796761,1,63,"物美北科大测试店",null,null,1,1,1,2,"1970-01-01 00:00:00","2024-01-11 23:20:51",7841,"无配送费【7841】",null,"2023-12-22 23:54:37","2024-01-11 23:20:51","移动质量保障组2","移动质量保障组2",2,null);
INSERT INTO `hy_expense_store` (`id`,`vendor_id`,`store_id`,`store_name`,`tern_id`,`tern_name`,`business_type`,`shipment_type`,`rule_type`,`interval_type`,`start`,`end`,`rule_id`,`rule_name`,`properties`,`created`,`modified`,`create_user`,`modify_user`,`yn`,`performance_type`) VALUES (796801,1,63,"物美北科大测试店",37598,"01",1,1,2,2,"1970-01-01 00:00:00","2024-01-11 23:20:56",7841,"无配送费【7841】",null,"2023-12-22 23:55:51","2024-01-11 23:20:56","移动质量保障组2","移动质量保障组2",2,null);
INSERT INTO `hy_expense_store` (`id`,`vendor_id`,`store_id`,`store_name`,`tern_id`,`tern_name`,`business_type`,`shipment_type`,`rule_type`,`interval_type`,`start`,`end`,`rule_id`,`rule_name`,`properties`,`created`,`modified`,`create_user`,`modify_user`,`yn`,`performance_type`) VALUES (797001,1,63,"物美北科大测试店",null,null,1,1,1,2,"1970-01-01 00:00:00","2024-01-23 20:08:43",7841,"无配送费【7841】",null,"2024-01-11 23:35:07","2024-01-23 20:08:43","移动质量保障组2","移动质量保障组2",2,null);
INSERT INTO `hy_expense_store` (`id`,`vendor_id`,`store_id`,`store_name`,`tern_id`,`tern_name`,`business_type`,`shipment_type`,`rule_type`,`interval_type`,`start`,`end`,`rule_id`,`rule_name`,`properties`,`created`,`modified`,`create_user`,`modify_user`,`yn`,`performance_type`) VALUES (797041,1,63,"物美北科大测试店",37598,"01",1,1,2,2,"1970-01-01 00:00:00","1970-12-31 23:59:59",7841,"无配送费【7841】",null,"2024-01-11 23:35:12","2024-01-11 23:35:12","移动质量保障组2",null,1,null);
INSERT INTO `hy_expense_store` (`id`,`vendor_id`,`store_id`,`store_name`,`tern_id`,`tern_name`,`business_type`,`shipment_type`,`rule_type`,`interval_type`,`start`,`end`,`rule_id`,`rule_name`,`properties`,`created`,`modified`,`create_user`,`modify_user`,`yn`,`performance_type`) VALUES (799681,1,63,"物美北科大测试店",null,null,1,1,1,2,"1970-01-01 00:00:00","2024-01-23 20:19:20",7841,"无配送费【7841】",null,"2024-01-23 20:17:43","2024-01-23 20:19:20","移动质量保障组2","移动质量保障组2",2,null);
INSERT INTO `hy_expense_store` (`id`,`vendor_id`,`store_id`,`store_name`,`tern_id`,`tern_name`,`business_type`,`shipment_type`,`rule_type`,`interval_type`,`start`,`end`,`rule_id`,`rule_name`,`properties`,`created`,`modified`,`create_user`,`modify_user`,`yn`,`performance_type`) VALUES (799721,1,63,"物美北科大测试店",null,null,1,1,1,2,"1970-01-01 00:00:00","2024-01-23 20:24:34",7841,"无配送费【7841】",null,"2024-01-23 20:19:20","2024-01-23 20:24:34","移动质量保障组2","移动质量保障组2",2,null);
INSERT INTO `hy_expense_store` (`id`,`vendor_id`,`store_id`,`store_name`,`tern_id`,`tern_name`,`business_type`,`shipment_type`,`rule_type`,`interval_type`,`start`,`end`,`rule_id`,`rule_name`,`properties`,`created`,`modified`,`create_user`,`modify_user`,`yn`,`performance_type`) VALUES (799801,1,63,"物美北科大测试店",null,null,1,1,1,2,"1970-01-01 00:00:00","1970-12-31 23:59:59",7841,"无配送费【7841】",null,"2024-01-23 20:25:19","2024-01-23 20:25:19","移动质量保障组2",null,1,null);
INSERT INTO `hy_expense_store` (`id`,`vendor_id`,`store_id`,`store_name`,`tern_id`,`tern_name`,`business_type`,`shipment_type`,`rule_type`,`interval_type`,`start`,`end`,`rule_id`,`rule_name`,`properties`,`created`,`modified`,`create_user`,`modify_user`,`yn`,`performance_type`) VALUES (796841,1,63,"物美北科大测试店",null,null,1,1,1,2,"1970-01-01 00:00:00","2024-01-11 23:22:27",7881,"无配送费【7881】",null,"2024-01-11 23:20:51","2024-01-11 23:22:27","移动质量保障组2","移动质量保障组2",2,null);
INSERT INTO `hy_expense_store` (`id`,`vendor_id`,`store_id`,`store_name`,`tern_id`,`tern_name`,`business_type`,`shipment_type`,`rule_type`,`interval_type`,`start`,`end`,`rule_id`,`rule_name`,`properties`,`created`,`modified`,`create_user`,`modify_user`,`yn`,`performance_type`) VALUES (796881,1,63,"物美北科大测试店",37598,"01",1,1,2,2,"1970-01-01 00:00:00","2024-01-11 23:22:32",7881,"无配送费【7881】",null,"2024-01-11 23:20:56","2024-01-11 23:22:32","移动质量保障组2","移动质量保障组2",2,null);

##用户运费减免规则（主表）
CREATE TABLE `hy_expense_discount_rule` (
  `id` int(11) NOT NULL AUTO_INCREMENT,
  `vendor_id` bigint(20) DEFAULT NULL,
  `rule_name` varchar(100) COLLATE utf8mb4_unicode_ci NOT NULL COMMENT '减免规则名称',
  `discount_freight` mediumtext COLLATE utf8mb4_unicode_ci NOT NULL COMMENT '减免金额',
  `token_id` varchar(100) COLLATE utf8mb4_unicode_ci DEFAULT NULL COMMENT '令牌id',
  `member_level` varchar(100) COLLATE utf8mb4_unicode_ci DEFAULT NULL COMMENT '会员等级 多个逗号分隔',
  `week_day` varchar(100) COLLATE utf8mb4_unicode_ci DEFAULT NULL COMMENT '日期 多个逗号分隔',
  `skus` varchar(200) COLLATE utf8mb4_unicode_ci DEFAULT NULL COMMENT 'sku 多个逗号分隔',
  `mark_str` varchar(100) COLLATE utf8mb4_unicode_ci DEFAULT NULL COMMENT '标识',
  `limit_type_switch` tinyint(4) DEFAULT NULL COMMENT '订单减免类型 1不限 2自定义门槛',
  `limit_order_amount` int(11) DEFAULT NULL COMMENT '订单减免门槛',
  `use_times_limit_type` tinyint(4) DEFAULT NULL COMMENT '单用户减免次数类型 1不限制 2限制次数 3按时间限制次数 4自定义时间限制次数',
  `use_times` int(5) DEFAULT NULL COMMENT '限制次数',
  `use_times_type` tinyint(4) DEFAULT NULL COMMENT '时间限制次数类型 1天 2周',
  `use_time_start_time` datetime DEFAULT NULL COMMENT '自定义时间限制 开始时间',
  `use_time_end_time` datetime DEFAULT NULL COMMENT '自定义时间限制 结束时间',
  `created` datetime NOT NULL,
  `modified` datetime DEFAULT NULL,
  `yn` tinyint(4) NOT NULL,
  PRIMARY KEY (`id`)
) ENGINE=InnoDB AUTO_INCREMENT=100881 DEFAULT CHARSET=utf8mb4 COLLATE=utf8mb4_unicode_ci;
INSERT INTO `hy_expense_discount_rule` (`id`,`vendor_id`,`rule_name`,`discount_freight`,`token_id`,`member_level`,`week_day`,`skus`,`mark_str`,`limit_type_switch`,`limit_order_amount`,`use_times_limit_type`,`use_times`,`use_times_type`,`use_time_start_time`,`use_time_end_time`,`created`,`modified`,`yn`) VALUES (100481,109,"新人免邮","400","87",null,null,null,null,1,null,2,1,null,null,null,"2023-04-14 15:28:32","2023-04-14 15:28:32",1);

##用户限购表
CREATE TABLE `hy_rule_limitation_000` (
  `id` bigint(20) NOT NULL AUTO_INCREMENT COMMENT '自增主键',
  `rule_id` bigint(20) DEFAULT NULL COMMENT '规则id',
  `user_id` bigint(20) DEFAULT NULL COMMENT '用户id',
  `count` int(5) NOT NULL DEFAULT '0' COMMENT '已经使用的限购次数',
  `rollback_count` int(5) DEFAULT '0' COMMENT '回滚的次数',
  `version` bigint(20) NOT NULL DEFAULT '0' COMMENT '版本号',
  `use_times_limit_type` tinyint(4) DEFAULT NULL COMMENT '单用户减免次数类型 1不限制 2限制次数 3按时间限制次数 4自定义时间限制次数 ',
  `use_times_type` tinyint(4) DEFAULT NULL COMMENT '时间限制次数类型 1天 2周',
  `created` datetime DEFAULT NULL,
  `modified` datetime DEFAULT NULL,
  `effected` datetime DEFAULT NULL COMMENT '生效时间',
  `expired` datetime DEFAULT NULL COMMENT '失效时间',
  `yn` tinyint(4) DEFAULT NULL COMMENT '1有效，-1无效',
  `unique_id` varchar(50) DEFAULT NULL COMMENT '约束key:rule_id-user_id-effected',
  PRIMARY KEY (`id`),
  UNIQUE KEY `unique_id` (`unique_id`),
  KEY `rule_id_index` (`rule_id`),
  KEY `user_id_index` (`user_id`),
  KEY `count_index` (`count`),
  KEY `created_index` (`created`),
  KEY `modified_index` (`modified`),
  KEY `expired_index` (`expired`),
  KEY `effected_index` (`effected`)
) ENGINE=InnoDB AUTO_INCREMENT=841 DEFAULT CHARSET=utf8mb4 COMMENT='用户限购表';
INSERT INTO `hy_rule_limitation_000` (`id`,`rule_id`,`user_id`,`count`,`rollback_count`,`version`,`use_times_limit_type`,`use_times_type`,`created`,`modified`,`effected`,`expired`,`yn`,`unique_id`) VALUES (441,100481,59027700,1,0,0,2,null,"2023-08-01 08:30:53",null,null,null,1,"59027700-100481-2");
INSERT INTO `hy_rule_limitation_000` (`id`,`rule_id`,`user_id`,`count`,`rollback_count`,`version`,`use_times_limit_type`,`use_times_type`,`created`,`modified`,`effected`,`expired`,`yn`,`unique_id`) VALUES (521,100481,103525700,1,0,0,2,null,"2023-10-16 15:24:03",null,null,null,1,"103525700-100481-2");
INSERT INTO `hy_rule_limitation_000` (`id`,`rule_id`,`user_id`,`count`,`rollback_count`,`version`,`use_times_limit_type`,`use_times_type`,`created`,`modified`,`effected`,`expired`,`yn`,`unique_id`) VALUES (681,100481,73188100,0,1,1,2,null,"2024-02-04 11:02:52","2024-02-04 11:08:01",null,null,1,"73188100-100481-2");