<?xml version="1.0" encoding="UTF-8"?>
<beans xmlns="http://www.springframework.org/schema/beans"
	   xmlns:xsi="http://www.w3.org/2001/XMLSchema-instance"
	   xsi:schemaLocation="
	   	http://www.springframework.org/schema/beans
		http://www.springframework.org/schema/beans/spring-beans-3.0.xsd">

	<!-- spring session -->
	<bean class="org.springframework.session.data.redis.config.annotation.web.http.RedisHttpSessionConfiguration">
		<property name="maxInactiveIntervalInSeconds" value="7200" />
	</bean>
	<bean class="org.springframework.data.redis.connection.jedis.JedisConnectionFactory">
		<property name="hostName" value="${spring.redis.addr}" />
		<property name="password" value="${spring.redis.password}" />
		<property name="port" value="${spring.redis.port}" />
		<property name="database" value="${spring.redis.index}" />
	</bean>

</beans>