<?xml version="1.0" encoding="UTF-8"?>
<beans xmlns="http://www.springframework.org/schema/beans"
	   xmlns:xsi="http://www.w3.org/2001/XMLSchema-instance"
	   xsi:schemaLocation="
		http://www.springframework.org/schema/beans 
		http://www.springframework.org/schema/beans/spring-beans-3.0.xsd 
		">

	<!-- spring session HA 模式-->
	<bean class="org.springframework.session.data.redis.config.annotation.web.http.RedisHttpSessionConfiguration">
		<property name="maxInactiveIntervalInSeconds" value="7200" />
	</bean>

	<bean id="redisSentinelConfiguration"
		  class="org.springframework.data.redis.connection.RedisSentinelConfiguration">
		<property name="master">
			<bean class="org.springframework.data.redis.connection.RedisNode">
				<property name="name" value="mymaster"/>
			</bean>
		</property>
		<property name="sentinels">
			<set>
				<bean class="org.springframework.data.redis.connection.RedisNode">
					<constructor-arg name="host" value="115.159.41.111"/>
					<constructor-arg name="port" value="26385"/>
				</bean>
				<bean class="org.springframework.data.redis.connection.RedisNode">
					<constructor-arg name="host" value="115.159.41.111"/>
					<constructor-arg name="port" value="26386"/>
				</bean>
				<bean class="org.springframework.data.redis.connection.RedisNode">
					<constructor-arg name="host" value="115.159.41.111"/>
					<constructor-arg name="port" value="26387"/>
				</bean>
			</set>
		</property>
	</bean>
	<bean class="org.springframework.data.redis.connection.jedis.JedisConnectionFactory">
        <!--<property name="password" value="VBredis2017"/>-->
		<property name="password" value="mark_test"/>
		<constructor-arg ref="redisSentinelConfiguration"/>
	</bean>
</beans>